[
{
  "model": "products.category",
  "pk": 1,
  "fields": {
    "name": "Electronics",
    "slug": "electronics"
  }
},
{
  "model": "products.category",
  "pk": 2,
  "fields": {
    "name": "Clothing",
    "slug": "clothing"
  }
},
{
  "model": "products.category",
  "pk": 3,
  "fields": {
    "name": "Books",
    "slug": "books"
  }
},
{
  "model": "products.category",
  "pk": 4,
  "fields": {
    "name": "Home & Kitchen",
    "slug": "home-kitchen"
  }
},
{
  "model": "products.category",
  "pk": 5,
  "fields": {
    "name": "Beauty & Personal Care",
    "slug": "beauty-personal-care"
  }
},
{
  "model": "products.product",
  "pk": 1,
  "fields": {
    "category": 2,
    "name": "Loose Straight Jeans",
    "slug": "loose-straight-jeans",
    "image": "products/2025/09/12/f93721b97fc14d18da6233a9fbc84aad495cf59a.avif",
    "description": "H&M Men's Loose Straight Jeans",
    "price": "2699.00",
    "available": true,
    "created": "2025-09-12T10:32:19.076Z",
    "updated": "2025-09-12T10:32:19.076Z"
  }
},
{
  "model": "products.product",
  "pk": 2,
  "fields": {
    "category": 2,
    "name": "Collared jacket",
    "slug": "collared-jacket",
    "image": "products/2025/09/12/5cf96a9253fe56cbda1c43285f863262c524a224.avif",
    "description": "H&M Men's Collared Jacket",
    "price": "4999.00",
    "available": true,
    "created": "2025-09-12T10:35:03.806Z",
    "updated": "2025-09-12T10:35:03.806Z"
  }
},
{
  "model": "products.product",
  "pk": 3,
  "fields": {
    "category": 2,
    "name": "BUDA JEANS CO",
    "slug": "buda-jeans-co",
    "image": "products/2025/09/12/-473Wx593H-701573066-green-MODEL.avif",
    "description": "Men Relaxed Fit Cargo Pants",
    "price": "650.00",
    "available": true,
    "created": "2025-09-12T10:45:47.944Z",
    "updated": "2025-09-12T10:45:47.944Z"
  }
},
{
  "model": "products.product",
  "pk": 4,
  "fields": {
    "category": 2,
    "name": "BUDA JEANS CO",
    "slug": "buda-jeans-co",
    "image": "products/2025/09/12/-473Wx593H-469716891-navy-MODEL2.avif",
    "description": "Men Relaxed Fit Cargo Pants",
    "price": "700.00",
    "available": true,
    "created": "2025-09-12T10:47:31.989Z",
    "updated": "2025-09-12T10:47:31.989Z"
  }
},
{
  "model": "products.product",
  "pk": 5,
  "fields": {
    "category": 2,
    "name": "ALPHA TRIBE",
    "slug": "alpha-tribe",
    "image": "products/2025/09/12/-473Wx593H-701796596-indigo-MODEL4.avif",
    "description": "Men Regular Fit Polo T-Shirt with Short Sleeves",
    "price": "550.00",
    "available": true,
    "created": "2025-09-12T10:50:42.100Z",
    "updated": "2025-09-12T10:50:42.100Z"
  }
},
{
  "model": "products.product",
  "pk": 6,
  "fields": {
    "category": 2,
    "name": "Swanwhite",
    "slug": "swanwhite",
    "image": "products/2025/09/12/WhatsApp_Image_2025-04-24_at_10.13.55_3e660760.webp",
    "description": "Leave Your Mark Swanwhite Oversized Graphic Printed T-shirt",
    "price": "549.00",
    "available": true,
    "created": "2025-09-12T11:00:29.192Z",
    "updated": "2025-09-12T11:00:29.192Z"
  }
},
{
  "model": "products.product",
  "pk": 7,
  "fields": {
    "category": 2,
    "name": "MYSTIC ROCK",
    "slug": "mystic-rock",
    "image": "products/2025/09/12/Artboard_4_7.webp",
    "description": "MYSTIC ROCK Green Oversized Back Graphic Printed T-shirt",
    "price": "549.00",
    "available": true,
    "created": "2025-09-12T11:03:33.191Z",
    "updated": "2025-09-12T11:03:33.191Z"
  }
},
{
  "model": "products.product",
  "pk": 8,
  "fields": {
    "category": 2,
    "name": "Polo-neck jumper",
    "slug": "polo-neck-jumper",
    "image": "products/2025/09/12/a7c8ae1ce8c5afa2b20e63291e7e9555acc06d61.avif",
    "description": "H&M Ladies brown polo neck jumper",
    "price": "999.00",
    "available": true,
    "created": "2025-09-12T11:09:04.012Z",
    "updated": "2025-09-12T11:09:04.012Z"
  }
},
{
  "model": "products.product",
  "pk": 9,
  "fields": {
    "category": 2,
    "name": "Fine-knit turtleneck jumper",
    "slug": "fine-knit-turtleneck-jumper",
    "image": "products/2025/09/12/cd4ae92b0facb0cfd269158a632fce5dbefcf62c.avif",
    "description": "H&M Fine-knit turtleneck jumper",
    "price": "999.00",
    "available": true,
    "created": "2025-09-12T11:10:20.611Z",
    "updated": "2025-09-12T11:10:20.611Z"
  }
},
{
  "model": "products.product",
  "pk": 10,
  "fields": {
    "category": 2,
    "name": "Zip-through cardigan",
    "slug": "zip-through-cardigan",
    "image": "products/2025/09/12/7d0d4b99623c57cb83edbf108beed1768a94f716.avif",
    "description": "H&M Zip-through cardigan",
    "price": "1499.00",
    "available": true,
    "created": "2025-09-12T11:11:36.057Z",
    "updated": "2025-09-12T11:11:36.057Z"
  }
},
{
  "model": "products.product",
  "pk": 11,
  "fields": {
    "category": 2,
    "name": "Long-sleeved polo shirt",
    "slug": "long-sleeved-polo-shirt",
    "image": "products/2025/09/12/30aa66c6d4e50b55e7de2cc136cd76ce6c4eea04.avif",
    "description": "H&M Women's Long-sleeved polo shirt",
    "price": "1299.00",
    "available": true,
    "created": "2025-09-12T11:13:26.541Z",
    "updated": "2025-09-12T11:13:26.542Z"
  }
},
{
  "model": "products.product",
  "pk": 12,
  "fields": {
    "category": 2,
    "name": "Wide Regular Jeans",
    "slug": "wide-regular-jeans",
    "image": "products/2025/09/12/6dc6974111a034fe763f6ee60cb84978d5bbe915.avif",
    "description": "H&M Women's Wide Regular Jeans",
    "price": "1799.00",
    "available": true,
    "created": "2025-09-12T11:17:05.129Z",
    "updated": "2025-09-12T11:17:05.129Z"
  }
},
{
  "model": "products.product",
  "pk": 13,
  "fields": {
    "category": 2,
    "name": "Pleated denim skirt",
    "slug": "pleated-denim-skirt",
    "image": "products/2025/09/12/89f9b3f18fc02f889b65fb3db62548d7e9c4fa93.avif",
    "description": "H&M Women's Pleated denim skirt",
    "price": "1499.00",
    "available": true,
    "created": "2025-09-12T11:18:20.478Z",
    "updated": "2025-09-12T11:18:20.479Z"
  }
},
{
  "model": "products.product",
  "pk": 14,
  "fields": {
    "category": 2,
    "name": "KOTTY",
    "slug": "kotty",
    "image": "products/2025/09/12/shopping.webp",
    "description": "Womens High Rise Viscose Rayon Flared Fit Solid Trousers",
    "price": "349.00",
    "available": true,
    "created": "2025-09-12T11:25:03.729Z",
    "updated": "2025-09-12T11:25:03.729Z"
  }
},
{
  "model": "products.product",
  "pk": 15,
  "fields": {
    "category": 2,
    "name": "Sangria",
    "slug": "sangria",
    "image": "products/2025/09/12/download_5.jpg",
    "description": "Women Floral Printed V-Neck Bell Sleeves Cotton Peplum Top",
    "price": "699.00",
    "available": true,
    "created": "2025-09-12T11:27:29.672Z",
    "updated": "2025-09-12T11:27:29.672Z"
  }
},
{
  "model": "products.product",
  "pk": 16,
  "fields": {
    "category": 2,
    "name": "Espresso",
    "slug": "espresso",
    "image": "products/2025/09/12/download_6.jpg",
    "description": "Espresso Women Front Open Shrug",
    "price": "659.00",
    "available": true,
    "created": "2025-09-12T11:29:43.602Z",
    "updated": "2025-09-12T11:29:43.602Z"
  }
},
{
  "model": "products.product",
  "pk": 17,
  "fields": {
    "category": 2,
    "name": "KALINI",
    "slug": "kalini",
    "image": "products/2025/09/12/download_7.jpg",
    "description": "Ethnic Motifs Printed Saree",
    "price": "449.00",
    "available": true,
    "created": "2025-09-12T11:31:31.652Z",
    "updated": "2025-09-12T11:31:31.652Z"
  }
},
{
  "model": "products.product",
  "pk": 18,
  "fields": {
    "category": 2,
    "name": "Panzora",
    "slug": "panzora",
    "image": "products/2025/09/12/71r9bKHG6VL._UY350_.jpg",
    "description": "Woven Design Zari Silk Blend Banarasi Saree",
    "price": "1499.00",
    "available": true,
    "created": "2025-09-12T11:36:23.351Z",
    "updated": "2025-09-12T11:36:23.351Z"
  }
},
{
  "model": "products.product",
  "pk": 19,
  "fields": {
    "category": 2,
    "name": "Anouk",
    "slug": "anouk",
    "image": "products/2025/09/12/download_8.jpg",
    "description": "Women Floral Printed Regular Pure Cotton Kurta with Trousers & With Dupatta",
    "price": "779.00",
    "available": true,
    "created": "2025-09-12T11:39:26.219Z",
    "updated": "2025-09-12T11:39:26.219Z"
  }
},
{
  "model": "products.product",
  "pk": 20,
  "fields": {
    "category": 2,
    "name": "Inddus",
    "slug": "inddus",
    "image": "products/2025/09/12/shopping.avif",
    "description": "Mauve Floral Embroidered Georgette Anarkali Kurta with Trousers",
    "price": "1199.00",
    "available": true,
    "created": "2025-09-12T11:44:38.241Z",
    "updated": "2025-09-12T11:44:38.241Z"
  }
},
{
  "model": "products.product",
  "pk": 21,
  "fields": {
    "category": 5,
    "name": "Minimalist",
    "slug": "minimalist",
    "image": "products/2025/09/12/shopping_1.avif",
    "description": "SPF 50 PA++++ Multi Vitamin Sunscreen",
    "price": "399.00",
    "available": true,
    "created": "2025-09-12T11:48:06.329Z",
    "updated": "2025-09-12T11:48:06.329Z"
  }
},
{
  "model": "products.product",
  "pk": 22,
  "fields": {
    "category": 5,
    "name": "LOreal",
    "slug": "loreal",
    "image": "products/2025/09/12/shopping_2.avif",
    "description": "Paris Hyaluron Moisture Shampoo with Hyaluronic Acid for Dry & Dehydrated Hair - 1L",
    "price": "618.00",
    "available": true,
    "created": "2025-09-12T11:50:55.567Z",
    "updated": "2025-09-12T11:50:55.567Z"
  }
},
{
  "model": "products.product",
  "pk": 23,
  "fields": {
    "category": 5,
    "name": "MCaffeine",
    "slug": "mcaffeine",
    "image": "products/2025/09/12/download_9.jpg",
    "description": "Green Tea Under Eye Cream With Vitamin C - 15ml",
    "price": "239.00",
    "available": true,
    "created": "2025-09-12T11:52:07.169Z",
    "updated": "2025-09-12T11:52:07.169Z"
  }
},
{
  "model": "products.product",
  "pk": 24,
  "fields": {
    "category": 5,
    "name": "Lakme",
    "slug": "lakme",
    "image": "products/2025/09/12/download_10.jpg",
    "description": "Lip Love Chapstick SPF 15 - Cherry",
    "price": "134.00",
    "available": true,
    "created": "2025-09-12T11:53:48.487Z",
    "updated": "2025-09-12T11:53:48.487Z"
  }
},
{
  "model": "products.product",
  "pk": 25,
  "fields": {
    "category": 5,
    "name": "Vaseline",
    "slug": "vaseline",
    "image": "products/2025/09/12/download_11.jpg",
    "description": "Deep Moisture Body Lotion with Pro Ceramides - 400ml",
    "price": "229.00",
    "available": true,
    "created": "2025-09-12T11:56:09.524Z",
    "updated": "2025-09-12T11:56:09.525Z"
  }
},
{
  "model": "products.product",
  "pk": 26,
  "fields": {
    "category": 5,
    "name": "Ponds",
    "slug": "ponds",
    "image": "products/2025/09/12/download_12.jpg",
    "description": "Triple Vitamin Moisturising Body Lotion 600 ml",
    "price": "375.00",
    "available": true,
    "created": "2025-09-12T11:58:30.006Z",
    "updated": "2025-09-12T11:58:30.006Z"
  }
},
{
  "model": "products.product",
  "pk": 27,
  "fields": {
    "category": 5,
    "name": "ELLE 18",
    "slug": "elle-18",
    "image": "products/2025/09/12/download_13.jpg",
    "description": "Long-Wearing Nail Pops Instant Dry Nail Polish 5 ml - Shade 186",
    "price": "48.00",
    "available": true,
    "created": "2025-09-12T12:11:15.663Z",
    "updated": "2025-09-12T12:11:15.663Z"
  }
},
{
  "model": "products.product",
  "pk": 28,
  "fields": {
    "category": 5,
    "name": "Lakme",
    "slug": "lakme",
    "image": "products/2025/09/12/download_14.jpg",
    "description": "9 to 5 Primer + Gloss Nail Color - Lime Treat - 6 ml",
    "price": "119.00",
    "available": true,
    "created": "2025-09-12T12:12:53.131Z",
    "updated": "2025-09-12T12:12:53.132Z"
  }
},
{
  "model": "products.product",
  "pk": 29,
  "fields": {
    "category": 5,
    "name": "Cetaphil",
    "slug": "cetaphil",
    "image": "products/2025/09/12/shopping_1.webp",
    "description": "Gentle Skin Hydrating Face Wash Cleanser with Niacinamide & Vitamin B5 - 125 ml",
    "price": "349.00",
    "available": true,
    "created": "2025-09-12T12:16:17.881Z",
    "updated": "2025-09-17T12:00:30.212Z"
  }
},
{
  "model": "products.product",
  "pk": 30,
  "fields": {
    "category": 5,
    "name": "Cetaphil",
    "slug": "cetaphil",
    "image": "products/2025/09/17/-1117Wx1400H-4937167230-multi-MODEL.avif",
    "description": "Moisturising Cream for Face & Body with Niacinamide & Vitamin B5 - 250 g",
    "price": "1240.00",
    "available": true,
    "created": "2025-09-12T12:18:23.438Z",
    "updated": "2025-09-17T12:00:22.532Z"
  }
},
{
  "model": "products.product",
  "pk": 31,
  "fields": {
    "category": 5,
    "name": "Marks & Spencer",
    "slug": "marks-spencer",
    "image": "products/2025/09/12/shopping_3.webp",
    "description": "Ocean Musk Vegan Eau De Toilette - 100 ml",
    "price": "1299.00",
    "available": true,
    "created": "2025-09-12T12:20:39.858Z",
    "updated": "2025-09-12T12:20:39.858Z"
  }
},
{
  "model": "products.product",
  "pk": 32,
  "fields": {
    "category": 5,
    "name": "Fastrack",
    "slug": "fastrack",
    "image": "products/2025/09/12/download_15.jpg",
    "description": "Men Night Out Eau De Parfum- 100ml",
    "price": "659.00",
    "available": true,
    "created": "2025-09-12T12:21:35.086Z",
    "updated": "2025-09-12T12:21:35.086Z"
  }
},
{
  "model": "products.product",
  "pk": 33,
  "fields": {
    "category": 5,
    "name": "Denver",
    "slug": "denver",
    "image": "products/2025/09/12/shopping_4.webp",
    "description": "Men SRK Autograph Collection Intense OUD Eau De Parfum - 60 ml",
    "price": "689.00",
    "available": true,
    "created": "2025-09-12T12:24:26.595Z",
    "updated": "2025-09-12T12:24:26.595Z"
  }
},
{
  "model": "products.product",
  "pk": 34,
  "fields": {
    "category": 1,
    "name": "boAt Airdopes",
    "slug": "boat-airdopes",
    "image": "products/2025/09/12/61kReoWGtHL._SY450_.jpg",
    "description": "boAt Airdopes 91, 45HRS Battery, 50ms Low Latency, ENx Tech, Fast Charge, IPX4, IWP Tech, v5.3 Bluetooth Earbuds, TWS Ear Buds Wireless Earphones with mic (Active Black)",
    "price": "799.00",
    "available": true,
    "created": "2025-09-12T12:26:32.340Z",
    "updated": "2025-09-12T12:26:32.340Z"
  }
},
{
  "model": "products.product",
  "pk": 35,
  "fields": {
    "category": 1,
    "name": "JBL Wired Headphones",
    "slug": "jbl-wired-headphones",
    "image": "products/2025/09/12/51ijOG7u83L._SY450_.jpg",
    "description": "JBL C50HI, Wired in Ear Headphones with Mic, One Button Multi-Function Remote, Lightweight & Comfortable fit (Black)",
    "price": "449.00",
    "available": true,
    "created": "2025-09-12T12:27:50.187Z",
    "updated": "2025-09-12T12:27:50.187Z"
  }
},
{
  "model": "products.product",
  "pk": 36,
  "fields": {
    "category": 1,
    "name": "Fire-Bolt Smart Watch",
    "slug": "fire-bolt-smart-watch",
    "image": "products/2025/09/12/41szskqocrL._SX300_SY300_QL70_FMwebp_.webp",
    "description": "Fire-Boltt Ninja Call Pro Max Smart Watch 2.01 inch Display, Bluetooth Calling, 120+ Sports Modes, Health Suite, Voice Assistance (Grey)",
    "price": "1399.00",
    "available": true,
    "created": "2025-09-12T12:29:39.986Z",
    "updated": "2025-09-12T12:29:39.986Z"
  }
},
{
  "model": "products.product",
  "pk": 37,
  "fields": {
    "category": 1,
    "name": "Noise Twist Go Round dial Smartwatch",
    "slug": "noise-twist-go-round-dial-smartwatch",
    "image": "products/2025/09/12/41g7CijFWDL._SX300_SY300_QL70_FMwebp_.webp",
    "description": "Noise Twist Go Round dial Smartwatch with BT Calling, 1.39\" Display, Metal Build, 100+ Watch Faces, IP68, Sleep Tracking, 100+ Sports Modes, 24/7 Heart Rate Monitoring (Jet Black)",
    "price": "1399.00",
    "available": true,
    "created": "2025-09-12T12:31:29.861Z",
    "updated": "2025-09-12T12:31:29.861Z"
  }
},
{
  "model": "products.product",
  "pk": 38,
  "fields": {
    "category": 1,
    "name": "boAt Bluetooth Speaker",
    "slug": "boat-bluetooth-speaker",
    "image": "products/2025/09/12/81lHIlF6d2L._SY450_.jpg",
    "description": "boAt (2025 Stone 110 Bluetooth Speaker with 3W Signature Sound, Up to 15Hrs Playback, Built-in Mic, TWS Feature, Bluetooth v5.4, AUX Port, Voice Assistant & IPX4(Groovy Grey)",
    "price": "699.00",
    "available": true,
    "created": "2025-09-12T12:35:35.317Z",
    "updated": "2025-09-12T12:35:35.317Z"
  }
},
{
  "model": "products.product",
  "pk": 39,
  "fields": {
    "category": 1,
    "name": "boAt Home Theatre Soundbar Speaker",
    "slug": "boat-home-theatre-soundbar-speaker",
    "image": "products/2025/09/12/813Ru0LsF9L._SY450_.jpg",
    "description": "boAt 2025 Launch Aavante 2.1 1600D / Orion Plus, Dolby Audio, 160W Signature Sound, 2.1CH Wired Subwoofer,Multiple Ports & EQ Modes, Bluetooth Sound bar, Home Theatre Soundbar Speaker (Premium Black)",
    "price": "6499.00",
    "available": true,
    "created": "2025-09-12T12:37:09.838Z",
    "updated": "2025-09-12T12:37:09.838Z"
  }
},
{
  "model": "products.product",
  "pk": 40,
  "fields": {
    "category": 1,
    "name": "Noise Airwave Max 5",
    "slug": "noise-airwave-max-5",
    "image": "products/2025/09/12/Artboard_8_Am5.webp",
    "description": "high-fidelity acoustics, Adaptive Hybrid ANC, 80 hours of playtime, spatial audio",
    "price": "4499.00",
    "available": true,
    "created": "2025-09-12T12:40:18.113Z",
    "updated": "2025-09-12T12:40:18.113Z"
  }
},
{
  "model": "products.product",
  "pk": 41,
  "fields": {
    "category": 1,
    "name": "Apple MacBook Air",
    "slug": "apple-macbook-air",
    "image": "products/2025/09/12/273880_g6cpks.webp",
    "description": "Apple MacBook Air (15 inch, M2, 8GB, 256GB, macOS, Midnight)",
    "price": "99994.00",
    "available": true,
    "created": "2025-09-12T12:42:08.231Z",
    "updated": "2025-09-12T12:42:08.231Z"
  }
},
{
  "model": "products.product",
  "pk": 42,
  "fields": {
    "category": 1,
    "name": "boAt Rockerz 550",
    "slug": "boat-rockerz-550",
    "image": "products/2025/09/12/0cfa4417-0213-4b49-b78e-0ae68aeb7057_600x.webp",
    "description": "Over Ear Bluetooth Headphones with Upto 20H Playback, 50mm Dynamic Driver, 500mAh Battery",
    "price": "1599.00",
    "available": true,
    "created": "2025-09-12T12:44:46.791Z",
    "updated": "2025-09-12T12:44:46.791Z"
  }
},
{
  "model": "products.product",
  "pk": 43,
  "fields": {
    "category": 1,
    "name": "HP Victus",
    "slug": "hp-victus",
    "image": "products/2025/09/12/71Xa0NItZL._SX679_.jpg",
    "description": "HP Smartchoice Victus, AMD Ryzen 5 8645HS, 6GB RTX 3050, 31 TOPS, Upgrade (Upto 32GB) 16GB DDR5, 512GB SSD, FHD, 144Hz,IPS, 15.6\"/39.6cm, Win11, M365* Office24, Blue, 2.3kg, fb3009AX, AI Gaming Laptop",
    "price": "72490.00",
    "available": true,
    "created": "2025-09-12T12:47:57.214Z",
    "updated": "2025-09-12T12:47:57.214Z"
  }
},
{
  "model": "products.product",
  "pk": 44,
  "fields": {
    "category": 1,
    "name": "iPhone 16",
    "slug": "iphone-16",
    "image": "products/2025/09/12/31ckM6N8EyL._SY445_SX342_QL70_FMwebp_.webp",
    "description": "iPhone 16 128 GB: 5G Mobile Phone with Camera Control, A18 Chip and a Big Boost in Battery Life. Works with AirPods; White",
    "price": "69499.00",
    "available": true,
    "created": "2025-09-12T12:49:21.602Z",
    "updated": "2025-09-12T12:49:21.602Z"
  }
},
{
  "model": "products.product",
  "pk": 45,
  "fields": {
    "category": 1,
    "name": "vivo T4 Pro 5G",
    "slug": "vivo-t4-pro-5g",
    "image": "products/2025/09/12/-original-imahfkvf9ngfahpg.webp",
    "description": "vivo T4 Pro 5G (Nitro Blue, 256 GB)  (12 GB RAM)",
    "price": "31999.00",
    "available": true,
    "created": "2025-09-12T12:51:23.248Z",
    "updated": "2025-09-12T12:51:23.248Z"
  }
},
{
  "model": "products.product",
  "pk": 46,
  "fields": {
    "category": 1,
    "name": "OnePlus Nord CE4 Lite 5G",
    "slug": "oneplus-nord-ce4-lite-5g",
    "image": "products/2025/09/12/31hcJbP0BuL._SX300_SY300_QL70_FMwebp_.webp",
    "description": "OnePlus Nord CE4 Lite 5G (Super Silver, 8GB RAM, 128GB Storage) | Lifetime Display Warranty | 5500 mAh Battery, 80W SUPERVOOC and Reverse Charging | 50MP Camera with OIS | 120Hz AMOLED Display",
    "price": "16999.00",
    "available": true,
    "created": "2025-09-12T12:52:50.066Z",
    "updated": "2025-09-12T12:52:50.066Z"
  }
},
{
  "model": "products.product",
  "pk": 47,
  "fields": {
    "category": 1,
    "name": "ASUS TUF Gaming A15",
    "slug": "asus-tuf-gaming-a15",
    "image": "products/2025/09/12/41hw7I31VjL._SX300_SY300_QL70_FMwebp_.webp",
    "description": "ASUS TUF Gaming A15, AMD Ryzen 7 7435HS, 15.6-inch FHD 144Hz, Gaming Laptop (16GB/512GB SSD/NVIDIA GeForce RTX 4050/Windows 11/90WHr/Mecha Gray/2.2 Kg), FA507NUR-LP082W",
    "price": "82990.00",
    "available": true,
    "created": "2025-09-12T12:57:57.087Z",
    "updated": "2025-09-12T12:57:57.087Z"
  }
},
{
  "model": "products.product",
  "pk": 48,
  "fields": {
    "category": 3,
    "name": "Harry Potter book",
    "slug": "harry-potter-book",
    "image": "products/2025/09/12/51dOacmuzvL._SY445_SX342_.jpg",
    "description": "Harry Potter and the Philosopher's Stone Paperback – 3 September 2014",
    "price": "794.00",
    "available": true,
    "created": "2025-09-12T12:58:46.254Z",
    "updated": "2025-09-12T12:58:46.254Z"
  }
},
{
  "model": "products.product",
  "pk": 49,
  "fields": {
    "category": 3,
    "name": "The Lord Of The Rings",
    "slug": "the-lord-of-the-rings",
    "image": "products/2025/09/12/51uHKIekL._SY445_SX342_.jpg",
    "description": "The Lord Of The Rings Paperback – 14 August 2012\r\nby J.R.R. Tolkien (Author)",
    "price": "3593.60",
    "available": true,
    "created": "2025-09-12T13:00:21.589Z",
    "updated": "2025-09-12T13:00:21.589Z"
  }
},
{
  "model": "products.product",
  "pk": 50,
  "fields": {
    "category": 3,
    "name": "To Kill A Mockingbird",
    "slug": "to-kill-a-mockingbird",
    "image": "products/2025/09/12/81gepf1eMqL._SY466__1.jpg",
    "description": "To Kill A Mockingbird: 60th (L) Paperback – Special Edition, 24 June 2010\r\nby Lee (Author)",
    "price": "332.00",
    "available": true,
    "created": "2025-09-12T13:01:50.882Z",
    "updated": "2025-09-12T13:01:50.882Z"
  }
},
{
  "model": "products.product",
  "pk": 51,
  "fields": {
    "category": 3,
    "name": "The Housemaid",
    "slug": "the-housemaid",
    "image": "products/2025/09/12/81wbz0SjYYL._SY342_.jpg",
    "description": "The Housemaid Series 3 Books Collection (The Housemaid, The Housemaid's Secret & The Housemaid Is Watching) Paperback – 1 January 2024\r\nby Freida McFadden (Author)",
    "price": "1350.00",
    "available": true,
    "created": "2025-09-12T13:04:59.073Z",
    "updated": "2025-09-12T13:04:59.074Z"
  }
},
{
  "model": "products.product",
  "pk": 52,
  "fields": {
    "category": 3,
    "name": "A Tale of Two Cities",
    "slug": "a-tale-of-two-cities",
    "image": "products/2025/09/12/81tk0dOvfML._SY425_.jpg",
    "description": "A Tale of Two Cities Paperback – 1 October 1999\r\nby Charles Dickens (Author)",
    "price": "187.00",
    "available": true,
    "created": "2025-09-12T13:07:19.441Z",
    "updated": "2025-09-12T13:07:19.441Z"
  }
},
{
  "model": "products.product",
  "pk": 53,
  "fields": {
    "category": 4,
    "name": "Prestige  LPG Gas stove",
    "slug": "prestige-lpg-gas-stove",
    "image": "products/2025/09/12/51JyelsZUKL._SX679_.jpg",
    "description": "Prestige IRIS Toughened Glass-Top 2 Brass Burner LPG Gas Stove | Black | Spill Proof | Ergonomic Knobs | Tri-Pin Brass Burners |Open",
    "price": "2995.00",
    "available": true,
    "created": "2025-09-12T13:10:57.784Z",
    "updated": "2025-09-12T13:10:57.784Z"
  }
},
{
  "model": "products.product",
  "pk": 54,
  "fields": {
    "category": 4,
    "name": "Pigeon Pressure Cooker",
    "slug": "pigeon-pressure-cooker",
    "image": "products/2025/09/12/71vuwC9g4mL._SX679_.jpg",
    "description": "Pigeon by Stovekraft 3 Litre Special Plus Hard Anodised Inner Lid Induction Base Pressure Cooker (Black) BIS Certified",
    "price": "999.00",
    "available": true,
    "created": "2025-09-12T13:13:42.041Z",
    "updated": "2025-09-12T13:13:42.041Z"
  }
},
{
  "model": "products.product",
  "pk": 55,
  "fields": {
    "category": 4,
    "name": "Hawkins Pressure Cooker",
    "slug": "hawkins-pressure-cooker",
    "image": "products/2025/09/12/61xsscK90-L._SX679_.jpg",
    "description": "Hawkins 3 Litre Contura Black Pressure Cooker, Hard Anodised Inner Lid Cooker, Handi Cooker, (CB30)",
    "price": "2092.00",
    "available": true,
    "created": "2025-09-12T13:15:53.530Z",
    "updated": "2025-09-12T13:15:53.530Z"
  }
},
{
  "model": "products.product",
  "pk": 56,
  "fields": {
    "category": 4,
    "name": "Prestige  Pan",
    "slug": "prestige-pan",
    "image": "products/2025/09/12/61YsXuReDLL._SX679_.jpg",
    "description": "Prestige Non-Stick Omega Deluxe Granite Fry Pan | 24 Centimetre | Black | Induction Base | 5 Layer Non-Stick Cookware | Dishwasher Safe | 2-Layer Metallic Finish",
    "price": "983.00",
    "available": true,
    "created": "2025-09-12T13:18:22.699Z",
    "updated": "2025-09-12T13:18:22.699Z"
  }
},
{
  "model": "products.product",
  "pk": 57,
  "fields": {
    "category": 4,
    "name": "Hawkins Futura Frying Pan",
    "slug": "hawkins-futura-frying-pan",
    "image": "products/2025/09/12/41YvXnrgPgS._SX300_SY300_QL70_FMwebp_.webp",
    "description": "Hawkins Futura 24 cm Frying Pan, Non Stick Fry Pan with Glass Lid, Frypan, Black (NF24G",
    "price": "1463.00",
    "available": true,
    "created": "2025-09-12T13:19:43.710Z",
    "updated": "2025-09-12T13:19:43.710Z"
  }
},
{
  "model": "products.product",
  "pk": 58,
  "fields": {
    "category": 4,
    "name": "PEXPO Water Bottle",
    "slug": "pexpo-water-bottle",
    "image": "products/2025/09/12/51KoFtDZxLL._SX679_.jpg",
    "description": "PEXPO Craft Pro 1000 ISI Certified Stainless Steel Sports/Fridge Water Bottle with Sipper Cap - 950ml | Single Wall | For Home, Office, Gym, Travelling | Lightweight| BPA Free - Pink&Purple Ombre",
    "price": "249.00",
    "available": true,
    "created": "2025-09-12T13:21:43.492Z",
    "updated": "2025-09-12T13:21:43.492Z"
  }
},
{
  "model": "products.product",
  "pk": 59,
  "fields": {
    "category": 4,
    "name": "MILTON Pro Lunch Box",
    "slug": "milton-pro-lunch-box",
    "image": "products/2025/09/12/41VG4cW9U1L._SX300_SY300_QL70_FMwebp_.webp",
    "description": "MILTON Pro Lunch Box with Steel Cutlery, 3 Microwave Safe Inner Steel Containers (180ml, 320ml, 450ml) Plastic Chutney Dabba 100ml, Steel Bottle 750ml with Insulated Bag, Office Tiffin, Black",
    "price": "899.00",
    "available": true,
    "created": "2025-09-12T13:22:56.267Z",
    "updated": "2025-09-12T13:22:56.267Z"
  }
},
{
  "model": "products.product",
  "pk": 60,
  "fields": {
    "category": 4,
    "name": "Cello Dinner Set",
    "slug": "cello-dinner-set",
    "image": "products/2025/09/12/41NOqIn14IL._SX300_SY300_QL70_FMwebp_.webp",
    "description": "Cello Opalware Dazzle Tropical Lagoon Dinner Set - 18 Pcs, Serving for 6 | Lightweight, Chip Resistant, Bone Ash Free Crockery | Microwave & Dishwasher Safe |Ideal for Daily Use, Servings & Gifting",
    "price": "1049.00",
    "available": true,
    "created": "2025-09-12T13:24:33.949Z",
    "updated": "2025-09-12T13:24:33.949Z"
  }
},
{
  "model": "products.product",
  "pk": 61,
  "fields": {
    "category": 4,
    "name": "Shri & Sam Stainless Steel Dinner Set",
    "slug": "shri-sam-stainless-steel-dinner-set",
    "image": "products/2025/09/12/61S4E1bmumL._SX679_.jpg",
    "description": "Shri & Sam Stainless Steel Shagun Dinner Set | 50 Pcs Set | Serves 6 People - Solid",
    "price": "2301.00",
    "available": true,
    "created": "2025-09-12T13:26:26.355Z",
    "updated": "2025-09-12T13:26:26.355Z"
  }
},
{
  "model": "accounts.profile",
  "pk": 1,
  "fields": {
    "user": 1,
    "full_name": "Mahesh",
    "gender": "MALE",
    "date_of_birth": "2006-05-16",
    "location": "Himatnagar Gujarat",
    "alternate_mobile": "7877370192",
    "hint_name": "Ryuk"
  }
},
{
  "model": "accounts.profile",
  "pk": 2,
  "fields": {
    "user": 2,
    "full_name": "",
    "gender": "",
    "date_of_birth": null,
    "location": "",
    "alternate_mobile": "",
    "hint_name": ""
  }
},
{
  "model": "accounts.profile",
  "pk": 3,
  "fields": {
    "user": 3,
    "full_name": "",
    "gender": "",
    "date_of_birth": null,
    "location": "",
    "alternate_mobile": "",
    "hint_name": ""
  }
},
{
  "model": "accounts.profile",
  "pk": 4,
  "fields": {
    "user": 4,
    "full_name": "",
    "gender": "",
    "date_of_birth": null,
    "location": "",
    "alternate_mobile": "",
    "hint_name": ""
  }
},
{
  "model": "accounts.profile",
  "pk": 5,
  "fields": {
    "user": 5,
    "full_name": "Mahesh Nath",
    "gender": "MALE",
    "date_of_birth": "2026-01-08",
    "location": "Lunawada",
    "alternate_mobile": "8980485677",
    "hint_name": "Nochillsaggy"
  }
},
{
  "model": "accounts.profile",
  "pk": 6,
  "fields": {
    "user": 6,
    "full_name": "",
    "gender": "",
    "date_of_birth": null,
    "location": "",
    "alternate_mobile": "",
    "hint_name": ""
  }
},
{
  "model": "orders.order",
  "pk": 1,
  "fields": {
    "user": 1,
    "first_name": "Mahesh",
    "last_name": "Nath",
    "email": "www.maheshnath451@gmail.com",
    "address": "Near new civil , New Boys Hostel Goverenment Polytechnic Himatnagar",
    "postal_code": "383001",
    "city": "Himatnagar",
    "phone": "8980485677",
    "created": "2025-09-12T15:08:31.281Z",
    "updated": "2025-09-12T15:08:31.282Z",
    "paid": false
  }
},
{
  "model": "orders.order",
  "pk": 2,
  "fields": {
    "user": 1,
    "first_name": "Mahesh",
    "last_name": "Nath",
    "email": "www.maheshnath451@gmail.com",
    "address": "Near new civil , New Boys Hostel Goverenment Polytechnic Himatnagar",
    "postal_code": "383001",
    "city": "Himatnagar",
    "phone": "8980485677",
    "created": "2025-09-17T12:15:19.745Z",
    "updated": "2025-09-17T12:15:19.745Z",
    "paid": false
  }
},
{
  "model": "orders.order",
  "pk": 3,
  "fields": {
    "user": 1,
    "first_name": "Mahesh",
    "last_name": "Nath",
    "email": "www.maheshnath451@gmail.com",
    "address": "Near new civil , New Boys Hostel Goverenment Polytechnic Himatnagar",
    "postal_code": "383001",
    "city": "Himatnagar",
    "phone": "8980485677",
    "created": "2025-09-17T12:33:56.080Z",
    "updated": "2025-09-17T12:33:56.080Z",
    "paid": false
  }
},
{
  "model": "orders.order",
  "pk": 4,
  "fields": {
    "user": 1,
    "first_name": "Mahesh",
    "last_name": "Nath",
    "email": "www.maheshnath451@gmail.com",
    "address": "Near new civil , New Boys Hostel Goverenment Polytechnic Himatnagar",
    "postal_code": "383001",
    "city": "Himatnagar",
    "phone": "8980485677",
    "created": "2025-09-17T13:04:00.748Z",
    "updated": "2025-09-17T13:04:00.748Z",
    "paid": false
  }
},
{
  "model": "orders.order",
  "pk": 5,
  "fields": {
    "user": 3,
    "first_name": "jone",
    "last_name": "doe",
    "email": "test@gmail.com",
    "address": "jodhpuriya prratapgarh rajasthan",
    "postal_code": "382604",
    "city": "pratapgarh",
    "phone": "8980485677",
    "created": "2025-10-10T10:20:17.093Z",
    "updated": "2025-10-10T10:20:17.093Z",
    "paid": false
  }
},
{
  "model": "orders.order",
  "pk": 6,
  "fields": {
    "user": 4,
    "first_name": "Mahesh",
    "last_name": "Nath",
    "email": "testuser@example.com",
    "address": "08 Darbar faliyu Malekpur",
    "postal_code": "389235",
    "city": "Lunawada",
    "phone": "8980485677",
    "created": "2026-01-07T17:34:04.269Z",
    "updated": "2026-01-07T17:34:04.269Z",
    "paid": false
  }
},
{
  "model": "orders.orderitem",
  "pk": 1,
  "fields": {
    "order": 1,
    "product": 52,
    "price": "187.00",
    "quantity": 3
  }
},
{
  "model": "orders.orderitem",
  "pk": 2,
  "fields": {
    "order": 2,
    "product": 52,
    "price": "187.00",
    "quantity": 1
  }
},
{
  "model": "orders.orderitem",
  "pk": 3,
  "fields": {
    "order": 3,
    "product": 59,
    "price": "899.00",
    "quantity": 1
  }
},
{
  "model": "orders.orderitem",
  "pk": 4,
  "fields": {
    "order": 4,
    "product": 42,
    "price": "1599.00",
    "quantity": 1
  }
},
{
  "model": "orders.orderitem",
  "pk": 5,
  "fields": {
    "order": 5,
    "product": 52,
    "price": "187.00",
    "quantity": 2
  }
},
{
  "model": "orders.orderitem",
  "pk": 6,
  "fields": {
    "order": 6,
    "product": 52,
    "price": "187.00",
    "quantity": 1
  }
},
{
  "model": "orders.orderitem",
  "pk": 7,
  "fields": {
    "order": 6,
    "product": 5,
    "price": "550.00",
    "quantity": 1
  }
},
{
  "model": "wishlist.wishlist",
  "pk": 5,
  "fields": {
    "user": 1,
    "product": 52,
    "added_date": "2025-09-17T12:31:06.383Z"
  }
},
{
  "model": "wishlist.wishlist",
  "pk": 8,
  "fields": {
    "user": 1,
    "product": 57,
    "added_date": "2025-09-17T12:32:44.313Z"
  }
},
{
  "model": "wishlist.wishlist",
  "pk": 9,
  "fields": {
    "user": 1,
    "product": 59,
    "added_date": "2025-09-17T12:32:48.325Z"
  }
},
{
  "model": "wishlist.wishlist",
  "pk": 13,
  "fields": {
    "user": 1,
    "product": 41,
    "added_date": "2025-09-17T12:37:56.482Z"
  }
},
{
  "model": "wishlist.wishlist",
  "pk": 14,
  "fields": {
    "user": 1,
    "product": 42,
    "added_date": "2025-09-17T13:03:24.587Z"
  }
},
{
  "model": "wishlist.wishlist",
  "pk": 15,
  "fields": {
    "user": 3,
    "product": 41,
    "added_date": "2025-10-10T10:17:54.294Z"
  }
},
{
  "model": "wishlist.wishlist",
  "pk": 16,
  "fields": {
    "user": 4,
    "product": 52,
    "added_date": "2026-01-07T16:33:26.767Z"
  }
},
{
  "model": "wishlist.wishlist",
  "pk": 17,
  "fields": {
    "user": 4,
    "product": 5,
    "added_date": "2026-01-07T17:33:31.567Z"
  }
},
{
  "model": "wishlist.wishlist",
  "pk": 18,
  "fields": {
    "user": 6,
    "product": 5,
    "added_date": "2026-01-09T11:31:37.352Z"
  }
},
{
  "model": "wishlist.wishlist",
  "pk": 19,
  "fields": {
    "user": 6,
    "product": 44,
    "added_date": "2026-01-09T12:45:10.604Z"
  }
},
{
  "model": "wishlist.wishlist",
  "pk": 20,
  "fields": {
    "user": 6,
    "product": 47,
    "added_date": "2026-01-09T13:43:20.123Z"
  }
},
{
  "model": "wishlist.wishlist",
  "pk": 21,
  "fields": {
    "user": 6,
    "product": 19,
    "added_date": "2026-01-09T13:43:30.503Z"
  }
},
{
  "model": "recommendations.productview",
  "pk": 1,
  "fields": {
    "user": 6,
    "session_key": null,
    "product": 45,
    "viewed_at": "2026-01-09T13:25:47.053Z",
    "view_count": 1
  }
}
]
